DROP DATABASE IF EXISTS `pig_test`;

CREATE DATABASE  `pig_test` DEFAULT CHARACTER SET utf8mb4 COLLATE utf8mb4_bin;

USE pig_test;

--
-- Table structure for table `role`
--

DROP TABLE IF EXISTS `role`;
CREATE TABLE `role` (
  `id` varchar(100) NOT NULL,
  `role_name` varchar(100) DEFAULT NULL,
  PRIMARY KEY (`id`)
) ENGINE=InnoDB DEFAULT CHARSET=utf8;


--
-- Dumping data for table `role`
--

LOCK TABLES `role` WRITE;
/*!40000 ALTER TABLE `role` DISABLE KEYS */;
INSERT INTO `role` VALUES ('A01','A01_name'),('B01','B01_name'),('B02','B02_name'),('B05','B05_name'),('C01','C01_name'),('C03','C03_name'),('D00','D00_name'),('D02','D02_name');
/*!40000 ALTER TABLE `role` ENABLE KEYS */;
UNLOCK TABLES;

--
-- Table structure for table `user`
--

DROP TABLE IF EXISTS `user`;
CREATE TABLE `user` (
  `id` int(11) NOT NULL AUTO_INCREMENT,
  `ehr_no` varchar(100) NOT NULL,
  `name` varchar(100) NOT NULL,
  `br_no` varchar(100) NOT NULL,
  `ehr_status` tinyint(4) NOT NULL,
  PRIMARY KEY (`id`)
) ENGINE=InnoDB AUTO_INCREMENT=101 DEFAULT CHARSET=utf8;

--
-- Dumping data for table `user`
--

LOCK TABLES `user` WRITE;
/*!40000 ALTER TABLE `user` DISABLE KEYS */;
INSERT INTO `user` VALUES (1,'0725332','何晓珍','800B0',0),(2,'4491424','杨海霞','07768',0),(3,'1676644','张磊','27047',0),(4,'8751263','刘天琼','700C5',0),(5,'0285041','何柳红','27103',0),(6,'0378446','李琦波','27038',0),(7,'3507935','卢蕾','27047',0),(8,'6586421','曹韵漪','A0001',0),(9,'0120012','徐玉芬','900C1',0),(10,'6629539','王宇昊','07532',0),(11,'6620994','张敏','07550',0),(12,'5578917','许晓英','07928',0),(13,'7805242','夏瑜泽','850B0',0),(14,'4746960','施强','08010',0),(15,'5571468','郑健','08119',0),(16,'6743529','金杰','07525',0),(17,'8005472','黄黎滢','27094',0),(18,'4543309','李彧','08054',0),(19,'4058603','柴梦真','27175',0),(20,'2595692','邵佳玲','07952',0),(21,'5388516','刘星雨','07737',0),(22,'1125627','徐欣慧','08150',0),(23,'2896733','吴放达','27031',0),(24,'5688472','吴卡卡','08011',0),(25,'0763028','洪燕','27052',0),(26,'3384316','李路帆','08044',0),(27,'8246130','徐羽霜','08057',0),(28,'4918723','肖伟江','07564',0),(29,'7865727','金钰铭','27160',0),(30,'2341398','张弋律','001C6',0),(31,'3037508','袁楚','07994',0),(32,'0758952','王健','600C9',0),(33,'1708299','俞丽萍','A0001',0),(34,'5096701','何晓灵','400B0',0),(35,'7638626','杨文君','400C3',0),(36,'5133008','王丹峰','400C5',0),(37,'4304078','胡晓莉','08019',0),(38,'7936171','宋璟','900B0',0),(39,'2192345','严丽芳','27103',0),(40,'2213008','林艳','400B0',0),(41,'2489885','夏林超','08363',0),(42,'6049665','许利锋','08272',0),(43,'7283417','方凤民','600C7',0),(44,'7328673','卓维佳','07785',0),(45,'1058163','陈敏','08215',0),(46,'3987782','俞建伟','07565',0),(47,'8190855','王一','07812',0),(48,'3556375','徐胜达','700B0',0),(49,'3326082','章蕾','27156',0),(50,'0700005','高波','07867',0),(51,'0756600','刘小龙','07751',0),(52,'1809774','吕晓倩','07602',0),(53,'4403157','沈世昌','050C0',0),(54,'7780451','朱豪','07965',0),(55,'3783195','戴如庆','07769',0),(56,'8425504','吴啸','300B0',0),(57,'2282349','陈敏','27151',0),(58,'1242773','王楠菲','08271',0),(59,'8903305','陈家君','27031',0),(60,'5813041','李力军','07956',0),(61,'1224715','邱微微','08111',0),(62,'2226347','叶媛','07973',0),(63,'8946760','陈莉','27216',0),(64,'6342135','罗润哲','27025',0),(65,'1194238','李宗元','27128',0),(66,'3909700','李佩红','07883',0),(67,'1362307','罗文旦','A0001',0),(68,'1888038','李凤','A0001',0),(69,'8178215','朱晨丽','600C5',0),(70,'4114006','罗嘉琪','27181',0),(71,'5795859','吕晓','A0001',0),(72,'4310130','陈方施','27060',0),(73,'5336056','周童','27050',0),(74,'3898019','葛颖婷','A0001',0),(75,'1548442','朱超群','07556',0),(76,'8963329','王芳','07816',0),(77,'5364367','戴孟杰','850C5',0),(78,'1583681','陈蓓青','27163',0),(79,'8924755','陆周','27107',0),(80,'3388987','童瑶','07960',0),(81,'6274876','包雨谷','27076',0),(82,'7062692','张维淦','500C5',0),(83,'4876669','陈平凉','900C0',0),(84,'6210180','郑小俊','500C1',0),(85,'1655395','岑约','07769',0),(86,'6039745','陈星怡','08103',0),(87,'2404305','朱铁梅','07841',0),(88,'0396994','陈伟','07812',0),(89,'7390726','沈虹','900B0',0),(90,'7952300','梅丹丹','07813',0),(91,'7071267','缪睿','07617',0),(92,'6971669','梁天楚','27019',0),(93,'1590814','吴屹南','07972',0),(94,'3342347','蓝方军','08119',0),(95,'0392309','毛国芳','500C5',0),(96,'8816616','雷伟','300B0',0),(97,'6727268','曹勇茂','600C6',0),(98,'4826628','李莺','07514',0),(99,'6461825','顾兵','001C1',0),(100,'2048910','施霏','500B0',0);
/*!40000 ALTER TABLE `user` ENABLE KEYS */;
UNLOCK TABLES;

--
-- Table structure for table `user_role`
--

DROP TABLE IF EXISTS `user_role`;
CREATE TABLE `user_role` (
  `id` int(11) NOT NULL AUTO_INCREMENT,
  `ehr_no` varchar(100) NOT NULL,
  `role_code` varchar(100) NOT NULL,
  `active` tinyint(4) NOT NULL,
  PRIMARY KEY (`id`)
) ENGINE=InnoDB AUTO_INCREMENT=102 DEFAULT CHARSET=utf8;

--
-- Dumping data for table `user_role`
--

LOCK TABLES `user_role` WRITE;
/*!40000 ALTER TABLE `user_role` DISABLE KEYS */;
INSERT INTO `user_role` VALUES (1,'5518270','D02',1),(2,'5958344','D02',1),(3,'2229597','D02',1),(4,'2025436','D02',1),(5,'8926137','D02',1),(6,'6500070','D02',1),(7,'2798990','A01',1),(8,'1655395','D02',1),(9,'4876669','C01',1),(10,'8922032','D02',1),(11,'4682710','D02',1),(12,'6219929','D02',1),(13,'1253384','C01',1),(14,'8924755','D02',1),(15,'4304539','D02',1),(16,'3096772','D02',1),(17,'0933768','D02',1),(18,'0725332','B01',1),(19,'0725332','B02',1),(20,'0725332','B05',1),(21,'0479273','D00',1),(22,'3746369','C03',1),(23,'6490160','D02',1),(24,'5096701','B02',1),(25,'4304078','D02',1),(26,'3326082','D02',1),(27,'1281721','B01',1),(28,'5571468','D02',1),(29,'5099717','D02',1),(30,'6633107','D02',1),(31,'1959185','D02',1),(32,'2091985','D02',1),(33,'4403157','C01',1),(34,'2265144','D02',1),(35,'1379578','D02',1),(36,'3451852','D02',1),(37,'6818876','D02',1),(38,'4055248','D02',1),(39,'1941957','D02',1),(40,'2595692','D02',1),(41,'5578917','D02',1),(42,'3302930','D02',1),(43,'3279283','D02',1),(44,'6258795','D02',1),(45,'2910660','C01',1),(46,'1096198','A01',1),(47,'8355810','D02',1),(48,'8178215','C01',1),(49,'1988352','C01',1),(50,'8116228','B01',1),(51,'7063376','C01',1),(52,'2192345','D02',1),(53,'7780451','D02',1),(54,'1963935','D02',1),(55,'4161631','B01',1),(56,'3288467','D02',1),(57,'1883145','B01',1),(58,'5595149','D02',1),(59,'3478167','D02',1),(60,'6507714','D02',1),(61,'1856873','D02',1),(62,'0901075','D02',1),(63,'0534286','D02',1),(64,'4606376','D02',1),(65,'7350968','D02',1),(66,'8818782','A01',1),(67,'7328673','D02',1),(68,'3388987','D02',1),(69,'2282349','D02',1),(70,'7008069','D02',1),(71,'1006111','B01',1),(72,'3675328','D02',1),(73,'0244510','D02',1),(74,'4114006','D02',1),(75,'2404305','D02',1),(76,'2201304','D02',1),(77,'3006427','D02',1),(78,'0392309','B01',1),(79,'1676644','D02',1),(80,'0120012','C01',1),(81,'7936171','B01',1),(82,'4024671','D02',1),(83,'7805242','B01',1),(84,'0806406','D02',1),(85,'6743529','D02',1),(86,'4054755','B01',1),(87,'6471860','D02',1),(88,'6241678','C01',1),(89,'7027800','D02',1),(90,'7711615','B01',1),(91,'1528804','D02',1),(92,'6803289','D02',1),(93,'0138273','B01',1),(94,'2795597','C01',1),(95,'2896733','D02',1),(96,'0589163','D02',1),(97,'6620994','D02',1),(98,'0495125','D02',1),(99,'1556320','D02',1),(100,'2892430','D00',1);
/*!40000 ALTER TABLE `user_role` ENABLE KEYS */;
UNLOCK TABLES;


